隠し玉,2640674,tags,一般(その他)
あみあみNA,2642552,tags,一般(その他)
ナルマキ,2642923,tags,一般(その他)
まだこれ,2641734,tags,一般(その他)
ぬまおち,2640914,tags,一般(その他)
れいれいワールド,2642615,tags,一般(その他)
ボイスアリーナ,2642553,tags,一般(その他) 
あみあみch,2638921,tags,一般(その他)a
MOR,2599796,tags,MUSIC_ON_THE_RADIO
しぇあはうしゅ,2643855,tags,一般(その他)
さやえり姉妹,2641844,tags,さやえり姉妹
たんぼのた,2641844,tags,たんぼのた
ぽわぽや,2644082,tags,一般(その他)
和び紗び,2607487,tags,一般(その他) 和び紗びじゅーおーむじん
もぁぱち,2644423,tags,一般(その他)
所定外学習,2644646,tags,一般(その他)
イイオワ,2645347,tags,一般(その他)
第七世代,2645375,tags,一般(その他)
磯部花凛,2645348,tags,一般(その他)
ほうらない,2645433,tags,一般(その他)
